﻿customer_name,kana,location,email,registered_at
梅津 淳子,うめづ あつこ,H市,umedu_atsuko@example.com,2017年1月6日
河内 さとみ,かわうち さとみ,E市,kawauchi_satomi@example.com,2017年1月19日
岡田　 敏也,おかだ としや,E市,okada_toshiya@example.com,2017年2月16日
若杉 徹,わかすぎ とおる,G市,wakasugi_tohru@example.com,2017年3月24日
市田 寿明,いちだ としあき,E市,ichida_toshiaki@example.com,2017年4月8日
荻野  愛,おぎの あい,F市,ogino_ai@example.com,2017年5月17日
矢部 美幸,やべ みゆき,F市,yabe_miyuki@example.com,2017年5月25日
中田 美智子,なかた みちこ,E市,nakata_michiko@example.com,2017年5月30日
熊倉 綾,くまくら あや,H市,kumakura_aya@example.com,2017年7月13日
栗田 憲一,くりた けんいち,E市,kurita_kenichi@example.com,2018年1月27日
中 仁晶,なか ひろあき,G市,naka_hiroaki@example.com,2018年1月29日
矢沢 恵梨香,やざわ えりか,G市,yazawa_erika@example.com,2018年3月22日
和泉 直人,わいずみ なおと,H市,waizumi_naoto@example.com,2018年6月8日
芦田 博之,あしだ ひろゆき,E市,ashida_hiroyuki@example.com,2018年7月13日
楠  哲平,くすのき てっぺい,E市,kusunoki_teppei@example.com,2017年1月4日
五十嵐 春樹,いがらし はるき,F市,igarashi_haruki@example.com,2017年1月6日
福本 美幸,ふくもと みゆき,F市,fukumoto_miyuki@example.com,2017年1月8日
森岡 季衣,もりおか としえ,H市,morioka_toshie@example.com,2017年1月30日
戸塚 美幸,とづか みゆき,H市,toduka_miyuki@example.com,2017年1月30日
丸山 光臣,まるやま みつおみ,G市,maruyama_mitsuomi@example.com,2017年1月30日
稲田 将也,いなだ まさや,G市,inada_masaya@example.com,2017年2月5日
志村 サダヲ,しむら さだお,E市,shimura_sadawo@example.com,2017年2月7日
新谷 智花,あらや ともか,F市,araya_tomoka@example.com,2017年2月14日
桑原 桃子,くわばら ももこ,G市,kuwabara_momoko@example.com,2017年2月18日
藤 広之,ふじ ひろゆき,G市,fuji_hiroyuki@example.com,2017年2月20日
大崎 ヒカル,おおさき ひかる,E市,oosaki_hikaru@example.com,2017年2月22日
本橋 直人,もとはし なおと,F市,motohashi_naoto@example.com,2017年3月3日
井川 真悠子,いがわ まゆこ,F市,igawa_mayuko@example.com,2017年3月4日
鶴岡 薫,つるおか かおる,F市,tsuruoka_kaoru@example.com,2017年3月12日
土屋 朝陽,つちや あさひ,F市,tsuchiya_asahi@example.com,2017年3月21日
矢部 夏空,やべ そら,F市,yabe_sora@example.com,2017年3月25日
梅村 秀樹,うめむら ひでき,F市,umemura_hideki@example.com,2017年4月1日
石野 仁,いしの じん,E市,ishino_jin@example.com,2017年4月7日
笹川 照生,ささがわ てるお,F市,sasagawa_teruo@example.com,2017年4月8日
楠 高史,くすのき たかし,G市,kusunoki_takashi@example.com,2017年4月11日
白鳥 りえ,しらとり りえ,F市,shiratori_rie@example.com,2017年4月29日
小川 美菜,おがわ みな,G市,ogawa_mina@example.com,2017年5月5日
堀北 雅彦,ほりきた まさひこ,H市,horikita_masahiko@example.com,2017年5月5日
大地 礼子,おおち れいこ,E市,oochi_reiko@example.com,2017年5月9日
笹原 しぼり,ささはら しぼり,E市,sasahara_shibori@example.com,2017年5月16日
本多 フミヤ,ほんだ ふみや,F市,honnda_fumiya@example.com,2017年5月23日
城戸 芳正,きど よしまさ,G市,kido_yoshimasa@example.com,2017年6月8日
川島 友以乃,かわしま ゆいの,G市,kawashima_yuino@example.com,2017年6月9日
石崎 幸子,いしざき さちこ,F市,ishizaki_sachiko@example.com,2017年6月12日
香椎 優一,かしい ゆういち,H市,kashii_yuuichi@example.com,2017年6月12日
野本 仁晶,のもと ひろあき,G市,nomoto_hiroaki@example.com,2017年6月19日
川上 りえ,かわかみ りえ,G市,kawakami_rie@example.com,2017年6月20日
さだ 千佳子,さだ ちかこ,H市,sada_chikako@example.com,2017年7月1日
根本 博明,ねもと ひろあき,E市,nemoto_hiroaki@example.com,2017年7月2日
小栗 正義,おぐり まさよし,G市,oguri_masayoshi@example.com,2017年7月5日
手塚 雅之,てづか まさゆき,E市,teduka_masayuki@example.com,2017年7月5日
深田 信輔,ふかだ しんすけ,G市,fukada_shinsuke@example.com,2017年7月7日
西脇 礼子,にしわき れいこ,H市,nishiwaki_reiko@example.com,2017年7月8日
佐藤 慶二,さとう けいじ,E市,satou_keiji@example.com,2017年7月10日
岩沢 那奈,いわさわ なな,H市,iwasawa_nana@example.com,2017年7月13日
松沢 育二,まつざわ いくじ,F市,matsuzawa_ikuji@example.com,2017年7月15日
須賀ひとみ,すが ひとみ,H市,suga_hitomi@example.com,2018年1月4日
松田  浩正,まつだ ひろまさ,E市,matsuda_hiromasa@example.com,2018年1月11日
高沢   美咲,たかさわ みさき,E市,takasawa_misaki@example.com,2018年1月24日
石川  まさみ,いしかわ まさみ,G市,ishikawa_masami@example.com,2018年2月12日
清水 佑,しみず たすく,G市,shimizu_tasuku@example.com,2018年2月17日
杉下 悟志,すぎした さとし,E市,sugishita_satoshi@example.com,2018年2月17日
横田 遥,よこた はるか,H市,yokota_haruka@example.com,2018年2月24日
唐沢 涼,からさわ りょう,H市,karasawa_ryou@example.com,2018年2月27日
小口 豊,おぐち ゆたか,H市,oguchi_yutaka@example.com,2018年2月28日
原口 俊二,はらぐち しゅんじ,F市,haraguchi_shunji@example.com,2018年3月5日
内田 聡,うちだ さとし,E市,uchida_satoshi@example.com,2018年3月8日
植木 沙知絵,うえき さちえ,F市,ueki_sachie@example.com,2018年3月15日
金森 なつみ,かなもり なつみ,F市,kanamori_natsumi@example.com,2018年3月24日
島本 研二,しまもと けんじ,H市,shimamoto_kenji@example.com,2018年3月24日
星野 美嘉,ほしの みか,G市,hoshino_mika1@example.com,2018年3月29日
大倉 晃司,おおくら こうじ,E市,ookura_kouji@example.com,2018年3月31日
高原 充則,たかはら みつのり,H市,takahara_mitsunori@example.com,2018年4月21日
堀 サンタマリア,ほり さんたまりあ,G市,hori_stmaria@example.com,2018年4月24日
熊倉 明日,くまくら めいび,G市,kumakura_meibi@example.com,2018年5月7日
石田 佑,いしだ たすく,E市,ishida_tasuku@example.com,2018年5月12日
堀江 佑,ほりえ たすく,H市,horie_tasuku@example.com,2018年5月14日
岡村 希,おかむら のぞみ,H市,okamura_nozomi@example.com,2018年5月19日
今 茜,こん あかね,F市,kon_akane@example.com,2018年5月20日
浜田 未華子,はまだ みかこ,H市,hamada_mikako@example.com,2018年5月22日
白井 俊二,しらい しゅんじ,H市,shirai_shunji@example.com,2018年5月24日
岩井 　莉緒,いわい りお,F市,iwai_rio@example.com,2018年5月27日
相原 ひとり,あいはら ひとり,H市,aihara_hitori@example.com,2018年6月11日
有馬 徹平,ありま てっぺい,H市,arima_teppei@example.com,2018年6月13日
井上 桃子,いのうえ ももこ,F市,inoue_momoko@example.com,2018年6月18日
小松 季衣,こまつ としえ,E市,komatsu_toshie@example.com,2018年6月20日
根岸 莉央,ねぎし りお,G市,negishi_rio@example.com,2018年6月29日
藤木 一恵,ふじき かづえ,E市,fujiki_kadue@example.com,2018年7月1日
米沢 仁晶,よねざわ ひろあき,F市,yonezawa_hiroaki@example.com,2018年7月9日
秋葉 あき,あきば あき,H市,akiba_aki@example.com,2018年7月10日
赤木 だん吉,あかぎ だんきち,F市,akagi_dankichi@example.com,2018年7月16日
松村 聡,まつむら さとし,G市,matsumura_satoshi@example.com,2018年7月19日
松川 綾女,まつかわ あやめ,E市,matsukawa_ayame@example.com,2018年7月23日
赤木 愛梨,あかぎ あいり,F市,akagi_airi@example.com,2018年7月29日
大西 隆之介,おおにし りゅうのすけ,H市,oonishi_ryuunosuke@example.com,2019年4月19日