﻿customer_name,kana,location,email,registered_at
小松 隼士,こまつ しゅんじ,C市,komatsu_shunji@example.com,2017/01/08
榎本 薫,えのもと かおる,C市,enomoto_kaoru@example.com,2017/06/15
進藤 瞬,しんどう しゅん,A市,shinndou_shun@example.com,2017/07/04
磯野 希,いその のぞみ,B市,isono_nozomi@example.com,2017/07/24
古川 信吾,ふるかわ しんご,D市,furukawa_shingo@example.com,2018/01/10
望月 真悠子,もちづき まゆこ,A市,mochiduki_mayuko@example.com,2018/03/29
杉田 将也,すぎた まさや,A市,sugita_masaya@example.com,2018/04/16
浅見 広司,あさみ こうじ,D市,asami_kouji@example.com,2018/06/03
徳重 優,とくしげ ゆう,B市,tokushige_yuu@example.com,2017/01/05
青山 鉄洋,あおやま てつひろ,C市,aoyama_tetsuhiro@example.com,2017/01/07
影山 輝信,かげやま あきのぶ,A市,kageyama_akinobu@example.com,2017/01/23
深井 菜々美,ふかい ななみ,C市,fukai_nanami@example.com,2017/01/26
綾瀬 俊介,あやせ しゅんすけ,B市,ayase_shunsuke@example.com,2017/01/28
宇野 秀樹,うの ひでき,C市,uno_hideki@example.com,2017/01/30
石田  郁恵,いしだ いくえ,B市,ishida_ikue@example.com,2017/02/05
田辺 きみまろ,たなべ きみまろ,C市,tanabe_kimimaro@example.com,2017/02/12
島崎 礼子,しまざき れいこ,C市,shimazaki_reiko@example.com,2017/02/18
井口 寛治,いぐち かんじ,B市,iguchi_kanji@example.com,2017/02/19
亀井 一徳,かめい いっとく,A市,kamei_ittoku@example.com,2017/03/04
榊原 しぼり,さかきばら しぼり,D市,sakakibara_shibori@example.com,2017/03/13
尾形 小雁,おがた こがん,B市,ogata_kogan@example.com,2017/03/15
河村 由樹,かわむら ゆき,C市,kawamura_yuki@example.com,2017/03/17
神原 美嘉,かんばら みか,D市,kannbara_mika@example.com,2017/03/23
吉村 愛梨,よしむら あいり,C市,yoshimura_airi@example.com,2017/03/23
熊井 憲史,くまい のりひと,A市,kumai_norihito@example.com,2017/03/29
田上 美佐子,たうえ みさこ,A市,taue_misako@example.com,2017/03/29
根岸 仁晶,ねぎし ひろあき,D市,negishi_hiroaki@example.com,2017/04/04
井本 マサカズ,いもと まさかず,C市,imoto_masakazu@example.com,2017/04/06
鈴木 一哉,すずき かずや,C市,suzuki_kazuya@example.com,2017/04/09
村山 知世,むらやま ちせ,D市,murayama_chise@example.com,2017/04/12
井川 里穂,いがわ りほ,A市,igawa_riho@example.com,2017/04/13
井村 俊二,いむら しゅんじ,D市,imura_shunji@example.com,2017/04/14
八木 雅彦,やぎ まさひこ,B市,yagi_masahiko@example.com,2017/04/18
那須 蒼甫,なす そうすけ,A市,nasu_sousuke@example.com,2017/04/22
黒谷 長利,くろたに ながとし,A市,kurotani_nagatoshi@example.com,2017/04/27
牧田 玲那,まきた れな,A市,makita_rena@example.com,2017/05/13
石田 花,いしだ はな,C市,ishida_hana@example.com,2017/05/17
新村 丈史,にいむら たけし,B市,niimura_takeshi@example.com,2017/05/19
日野 夏希,ひの なつき,A市,hino_natsuki@example.com,2017/05/23
平賀 一哉,ひらが かずや,B市,hiraga_kazuya@example.com,2017/05/23
大滝 麗奈,おおたき れな,C市,ootaki_rena@example.com,2017/05/30
久保田 倫子,くぼた のりこ,A市,kubota_noriko1@example.com,2017/06/02
平田 鉄二,ひらた てつじ,D市,hirata_tetsuji@example.com,2017/06/07
大城 ケンイチ,おおしろ けんいち,B市,ooshiro_kenichi@example.com,2017/06/13
高田 さんま,たかだ さんま,D市,takada_sanma@example.com,2017/06/16
梅沢 麻緒,うめざわ まお,A市,umezawa_mao@example.com,2017/06/20
外山 広司,そとやま こうじ,C市,sotoyama_kouji@example.com,2017/06/28
福島 友也,ふくしま ともや,B市,fukushima_tomoya@example.com,2017/07/01
相川 良介,あいかわ りょうすけ,B市,aikawa_ryousuke@example.com,2017/07/03
尾上 勝久,おがみ かつひさ,D市,ogami_katsuhisa@example.com,2017/07/20
石渡 小雁,いしわたり こがん,D市,ishiwatari_kogan@example.com,2017/07/28
水野 メイサ,みずの めいさ,D市,mizuno_meisa@example.com,2017/07/30
植村 遥,うえむら はるか,A市,uemura_haruka@example.com,2018/01/06
芳賀 希,はが のぞみ,A市,haga_nozomi@example.com,2018/01/07
奥 光洋,おく みつひろ,A市,oku_mitsuhiro@example.com,2018/01/08
荻野 愛菜,おぎの あいな,B市,ogino_aina@example.com,2018/01/09
小平 陽子,こひら ようこ,B市,kohira_youko@example.com,2018/01/21
岩城 徹平,いわき てっぺい,C市,iwaki_teppei@example.com,2018/01/26
岩佐 孝太郎,いわさ こうたろう,D市,iwasa_koutarou@example.com,2018/01/29
島 英嗣,しま ひでつぐ,D市,shima_hidetsugu@example.com,2018/02/02
田畑 正敏,たばた まさとし,A市,tabata_masatoshi@example.com,2018/02/06
東 光博,ひがし みつひろ,A市,higashi_mitsuhiro@example.com,2018/02/06
立石 茜,たちいし あかね,B市,tachiishi_akane@example.com,2018/02/10
明石家 明,あかしや あきら,B市,akashiya_akira@example.com,2018/02/13
黄川田 博之,きかわだ ひろゆき,C市,kikawada_hiroyuki@example.com,2018/02/14
深井 照生,ふかい てるお,A市,fukai_teruo@example.com,2018/02/21
日比野 徹,ひびの とおる,C市,hibino_tohru@example.com,2018/02/22
大山 咲,おおやま さき,C市,ooyama_saki@example.com,2018/02/23
松居 満,まつい みつる,A市,matsui_mitsuru@example.com,2018/03/04
松元 翔太,まつもと しょうた,A市,matsumoto_shouta@example.com,2018/03/08
鳥居 広司,とりい こうじ,B市,torii_kouji@example.com,2018/03/08
清水 裕次郎,しみず ゆうじろう,C市,shimizu_yuujirou@example.com,2018/03/09
西島 知世,にしじま ちせ,A市,nishijima_chise@example.com,2018/03/11
内村 まさみ,うちむら まさみ,A市,uchimura_masami@example.com,2018/03/12
島 孝太郎,しま こうたろう,B市,shima_koutarou@example.com,2018/03/13
深沢 ひろ子,ふかざわ ひろこ,C市,fukazawa_hiroko@example.com,2018/03/17
浅田 賢二,あさだ けんじ,C市,asada_kenji@example.com,2018/04/07
島袋 友以乃,しまぶくろ ゆいの,C市,shimabukuro_yuino@example.com,2018/04/14
手塚 進,てづか すすむ,A市,teduka_susumu@example.com,2018/05/01
唐沢 景子,からさわ けいこ,D市,karasawa_keiko@example.com,2018/05/02
松岡 ノブヒコ,まつおか のぶひこ,B市,matsuoka_nobuhiko@example.com,2018/05/02
片瀬 長利,かたせ ながとし,C市,katase_nagatoshi@example.com,2018/05/03
吉岡 サダヲ,よしおか さだお,A市,yoshioka_sadawo@example.com,2018/05/09
山西 花,やまにし はな,A市,yamanishi_hana@example.com,2018/05/13
堀内 聡,ほりうち さとし,B市,horiuchi_satoshi@example.com,2018/05/15
西原 未華子,にしはら みかこ,C市,nishihara_mikako@example.com,2018/05/18
矢部 惇,やべ じゅん,A市,yabe_jun@example.com,2018/05/20
高梨 結衣,たかなし ゆい,C市,takanashi_yui@example.com,2018/05/21
合田 光,あいだ ひかる,D市,aida_hikaru@example.com,2018/05/22
板橋 隆,いたばし たかし,B市,itabashi_takashi@example.com,2018/06/14
山口 法子,やまぐち のりこ,B市,yamaguchi_noriko@example.com,2018/06/16
新村 美月,にいむら みづき,D市,niimura_miduki@example.com,2018/06/17
南部 慶二,なんぶ けいじ,A市,nannbu_keiji@example.com,2018/06/19
谷本 愛梨,たにもと あいり,C市,tanimoto_airi@example.com,2018/06/25
菅原 誠治,すがわら せいじ,C市,sugawara_seiji@example.com,2018/06/28
篠山 雅功,しのやま まさとし,B市,shinoyama_masatoshi@example.com,2018/07/02
田辺 光洋,たなべ みつひろ,A市,tanabe_mitsuhiro@example.com,2018/07/04
沖 遥,おき はるか,B市,oki_haruka@example.com,2018/07/21
岡 慶太,おか けいた,C市,oka_keita@example.com,2018/07/22
麻生 莉緒,あそう りお,D市,asou_rio@example.com,2018/07/22
小町 瞬,こまち しゅん,D市,komachi_shun@example.com,2018/07/22
林 勇,はやし ゆう,C市,hayashi_yuu@example.com,2018/07/28
田崎 菜々美,たざき ななみ,A市,tazaki_nanami@example.com,2018/07/29
松谷 愛子,まつたに あいこ,D市,matsutani_aiko@example.com,2018/07/30
福井 美希,ふくい みき,D市,fukui_miki1@example.com,2019/04/23